{"cameraMode":{"drawMode":0,"name":"Shaded","section":"Shading Mode"},"sceneLighting":true,"audioPlay":false,"sceneViewState":{"showFog":true,"showMaterialUpdate":false,"showSkybox":true,"showFlares":true,"showImageEffects":true,"showParticleSystems":true},"in2DMode":false,"pivot":{"x":0.6866621971130371,"y":2.1903247833251955,"z":-2.209743022918701},"rotation":{"x":-0.0883086547255516,"y":0.9024732112884522,"z":-0.22258196771144868,"w":-0.3580535352230072},"size":10.0,"orthographic":false}